,UniProt_ID,Mutation,ΔTm
20,P06996,R58H,0.31
21,P06996,R95C,-2.35
22,P06996,R95G,-6.19
23,P06996,R95S,-5.26
84,P49768,L226F,8.7
240,Q9X1G6,N123A,-23.0
242,K9WT99,R256H,0.1
250,G2QNH0,C65A,-2.5
251,G2QNH0,G192A,-7.5
252,G2QNH0,I193A,-14.4
253,G2QNH0,K104A,2.0
254,G2QNH0,K208A,1.0
255,G2QNH0,K30A,-7.2
256,G2QNH0,N96A,-7.3
257,G2QNH0,Q302K,-1.0
258,G2QNH0,R100A,-3.4
259,G2QNH0,R197A,-8.15
260,G2QNH0,R287A,-1.25
261,G2QNH0,R88A,-10.15
262,G2QNH0,S238A,-2.5
263,G2QNH0,Y196A,-11.5
264,G2QNH0,Y196F,-10.55
265,G2QNH0,Y204F,-6.4
266,G2QNH0,Y298F,-0.6
267,P77304,I399A,4.0
268,P77304,K130A,3.0
269,P77304,N160A,-3.0
270,P77304,Y38A,0.0
271,P77304,Y71A,-1.0
354,P08172,S110R,5.0
382,O14842,A199V,2.1
383,O14842,E145A,4.1
384,O14842,F88A,8.3
385,O14842,G103A,5.7
386,O14842,G265A,3.3
387,O14842,L42A,4.3
388,O14842,T31A,2.8
389,O14842,V225A,2.7
390,O14842,V64A,2.3
391,O14842,Y202F,7.2
419,P21554,L207A,-7.1
420,P21554,T210A,7.4
421,P21554,T210I,-6.2
431,P0A917,E54N,-19.55
445,P09391,T140A,-9.6
458,P21616,A226S,-2.6
459,P21616,F224A,-1.3
460,P21616,G221A,-0.8
461,P21616,G222A,-0.2
462,P21616,H716A,0.2
463,P21616,I227A,-5.8
464,P21616,L223A,-6.3
486,P09391,G215V,-8.9
487,P09391,M111A,-4.8
488,P09391,S221A,-1.9
489,P09391,S269A,-2.6
547,P59594,N937A,-13.5
569,P0A917,D124N,-3.33
570,P0A917,D127N,-2.6
571,P0A917,E117N,-4.4
572,P0A917,K71N,3.81
573,P0A917,K82N,-4.07
574,P0A917,K112N,-2.56
575,P0A917,K122N,0.24
576,P0A917,R73N,-3.79
615,Q8D0Z7,W79A,-8.0
616,Q8D0Z7,W79F,-4.0
617,Q8D0Z7,W79Y,-7.0
656,Q14524,K1872N,-3.12
657,Q14524,Q1832E,-0.75
658,Q14524,V1861I,-4.11
659,Q14524,Y1795C,0.23
726,P48039,H99L,-6.8
727,P49286,F192A,-6.5
747,P02730,P327R,-4.7
775,P51795,Y617A,-3.01
778,O14522,D905G,-3.0
779,O14522,Q965K,-1.0
787,P11716,G216E,-4.4
790,E9Q401,V186M,-0.4
815,P11716,D61N,-0.4
816,P11716,R45C,-6.8
817,P11716,L14R,-5.1
818,Q92736,G230C,-2.3
819,Q92736,H29D,-0.3
831,P11716,R1076W,-3.0
837,P20789,N58R,-0.1
838,P20789,V57I,0.2
865,P11716,D709N,-1.0
866,P11716,L2867G,-12.73
867,P11716,N760D,-2.5
868,P11716,R2939S,-5.8
913,Q09428,K889T,-4.2
917,Q13635,A246M,0.3
